{
    "observation.state": {
        "max": [
            0.5201464759789699,
            1.5708000000000009,
            1.4000000000000008,
            -0.29459623418277897,
            1.2443622183449672,
            1.4100726000727826
        ],
        "min": [
            -0.9420942072303462,
            -0.8883917687074437,
            -0.35136738347841867,
            -1.6700000000000013,
            -0.45877226052422404,
            0.2915275234100416
        ],
        "mean": [
            -0.34486245494366213,
            0.5259395683294695,
            0.7556181688771855,
            -1.4359044096989986,
            0.16353969648730693,
            0.7308367161211335
        ],
        "std": [
            0.37553094382372004,
            0.4312118891982623,
            0.42203134724655655,
            0.24637247388488584,
            0.27889750183803175,
            0.26827650882634213
        ],
        "sum": [
            -2895.4651717069873,
            4415.788615694226,
            6344.170145892849,
            -12055.853423832792,
            1373.079291707429,
            6136.105068553037
        ],
        "square_sum": [
            2182.5704474203926,
            3883.621208040713,
            6289.185634546073,
            17820.685221843254,
            877.6258942172706,
            5088.7701845144165
        ],
        "count": 8396
    },
    "action": {
        "max": [
            0.5201464759789699,
            1.5708000000000009,
            1.4000000000000008,
            -0.29459623418277897,
            1.2443622183449672,
            1.4100726000727826
        ],
        "min": [
            -0.9420942072303462,
            -0.8883917687074437,
            -0.35136738347841867,
            -1.6700000000000013,
            -0.45877226052422404,
            0.2915275234100416
        ],
        "mean": [
            -0.34486245494366213,
            0.5259395683294695,
            0.7556181688771855,
            -1.4359044096989986,
            0.16353969648730693,
            0.7308367161211335
        ],
        "std": [
            0.37553094382372004,
            0.4312118891982623,
            0.42203134724655655,
            0.24637247388488584,
            0.27889750183803175,
            0.26827650882634213
        ],
        "sum": [
            -2895.4651717069873,
            4415.788615694226,
            6344.170145892849,
            -12055.853423832792,
            1373.079291707429,
            6136.105068553037
        ],
        "square_sum": [
            2182.5704474203926,
            3883.621208040713,
            6289.185634546073,
            17820.685221843254,
            877.6258942172706,
            5088.7701845144165
        ],
        "count": 8396
    },
    "timestamp": {
        "max": [
            19.822721540986095
        ],
        "min": [
            0.0584560830029659
        ],
        "mean": [
            6.6142035926345795
        ],
        "std": [
            4.1491791845287125
        ],
        "sum": [
            55532.85336375993
        ],
        "square_sum": [
            511848.5138809502
        ],
        "count": 8396
    },
    "frame_index": {
        "max": [
            276
        ],
        "min": [
            0
        ],
        "mean": [
            98.42555979037637
        ],
        "std": [
            61.87179616670549
        ],
        "sum": [
            826381
        ],
        "square_sum": [
            113477901
        ],
        "count": 8396
    },
    "episode_index": {
        "max": [
            42
        ],
        "min": [
            0
        ],
        "mean": [
            19.133277751310146
        ],
        "std": [
            12.286925573243904
        ],
        "sum": [
            160643
        ],
        "square_sum": [
            4341159
        ],
        "count": 8396
    },
    "index": {
        "max": [
            8395
        ],
        "min": [
            0
        ],
        "mean": [
            4197.5
        ],
        "std": [
            2423.7164128668187
        ],
        "sum": [
            35242210
        ],
        "square_sum": [
            197250649370
        ],
        "count": 8396
    },
    "task_index": {
        "max": [
            0
        ],
        "min": [
            0
        ],
        "mean": [
            0.0
        ],
        "std": [
            0.0
        ],
        "sum": [
            0
        ],
        "square_sum": [
            0
        ],
        "count": 8396
    },
    "observation.images.main": {
        "max": [
            [
                [
                    1.0
                ]
            ],
            [
                [
                    1.0
                ]
            ],
            [
                [
                    1.0
                ]
            ]
        ],
        "min": [
            [
                [
                    0.0
                ]
            ],
            [
                [
                    0.0
                ]
            ],
            [
                [
                    0.0
                ]
            ]
        ],
        "mean": [
            [
                [
                    0.17087866049371714
                ]
            ],
            [
                [
                    0.1644879072091495
                ]
            ],
            [
                [
                    0.1471703258052182
                ]
            ]
        ],
        "std": [
            [
                [
                    0.19024890577885403
                ]
            ],
            [
                [
                    0.18414690451493868
                ]
            ],
            [
                [
                    0.20903113778810564
                ]
            ]
        ],
        "sum": [
            110184747.53320312,
            106063908.01367188,
            94897309.859375
        ],
        "square_sum": [
            42166993.19433594,
            39311885.4675293,
            42140529.17456055
        ],
        "count": 644812800
    },
    "observation.images.secondary_0": {
        "max": [
            [
                [
                    0.9921568632125854
                ]
            ],
            [
                [
                    1.0
                ]
            ],
            [
                [
                    1.0
                ]
            ]
        ],
        "min": [
            [
                [
                    0.0
                ]
            ],
            [
                [
                    0.01568627543747425
                ]
            ],
            [
                [
                    0.0
                ]
            ]
        ],
        "mean": [
            [
                [
                    0.37978274793323835
                ]
            ],
            [
                [
                    0.405443332326017
                ]
            ],
            [
                [
                    0.5194593062000377
                ]
            ]
        ],
        "std": [
            [
                [
                    0.29066347549015265
                ]
            ],
            [
                [
                    0.24369441197339586
                ]
            ],
            [
                [
                    0.20584817918726317
                ]
            ]
        ],
        "sum": [
            244859609.77148438,
            261403912.31054688,
            334914115.2421875
        ],
        "square_sum": [
            147464141.45898438,
            144273388.4765625,
            201293957.34765625
        ],
        "count": 644736000
    }
}